{
    "credit": "Made with Blockbench",
    "texture_size": [
        64,
        64
    ],
    "textures": {
        "1": "block/grindstone",
        "2": "block/pc/pc_loading_00169",
        "particle": "block/pc_screen"
    },
    "elements": [
        {
            "from": [
                1,
                0,
                10
            ],
            "to": [
                15,
                1,
                16
            ],
            "rotation": {
                "angle": 0,
                "axis": "y",
                "origin": [
                    1,
                    0,
                    16
                ]
            },
            "faces": {
                "north": {
                    "uv": [
                        10,
                        0.75,
                        13.5,
                        1
                    ],
                    "texture": "#1"
                },
                "east": {
                    "uv": [
                        7,
                        4.5,
                        8.5,
                        4.75
                    ],
                    "texture": "#1"
                },
                "south": {
                    "uv": [
                        10,
                        1,
                        13.5,
                        1.25
                    ],
                    "texture": "#1"
                },
                "west": {
                    "uv": [
                        7,
                        4.75,
                        8.5,
                        5
                    ],
                    "texture": "#1"
                },
                "up": {
                    "uv": [
                        9.5,
                        9.75,
                        6,
                        8.25
                    ],
                    "texture": "#1"
                },
                "down": {
                    "uv": [
                        12,
                        4.5,
                        8.5,
                        6
                    ],
                    "texture": "#1"
                }
            }
        },
        {
            "from": [
                1,
                1,
                -2
            ],
            "to": [
                15,
                14,
                8
            ],
            "rotation": {
                "angle": 0,
                "axis": "y",
                "origin": [
                    9,
                    1,
                    4
                ]
            },
            "faces": {
                "north": {
                    "uv": [
                        0,
                        0,
                        3.5,
                        3.25
                    ],
                    "texture": "#1"
                },
                "east": {
                    "uv": [
                        3.5,
                        5,
                        6,
                        8.25
                    ],
                    "texture": "#1"
                },
                "south": {
                    "uv": [
                        0,
                        3.25,
                        3.5,
                        6.5
                    ],
                    "texture": "#1"
                },
                "west": {
                    "uv": [
                        6,
                        5,
                        8.5,
                        8.25
                    ],
                    "texture": "#1"
                },
                "up": {
                    "uv": [
                        7,
                        2.5,
                        3.5,
                        0
                    ],
                    "texture": "#1"
                },
                "down": {
                    "uv": [
                        7,
                        2.5,
                        3.5,
                        5
                    ],
                    "texture": "#1"
                }
            }
        },
        {
            "from": [
                2,
                0,
                -1
            ],
            "to": [
                14,
                1,
                8
            ],
            "rotation": {
                "angle": 0,
                "axis": "y",
                "origin": [
                    9,
                    0,
                    4
                ]
            },
            "faces": {
                "north": {
                    "uv": [
                        10,
                        1.25,
                        13,
                        1.5
                    ],
                    "texture": "#1"
                },
                "east": {
                    "uv": [
                        10,
                        1.75,
                        12.25,
                        2
                    ],
                    "texture": "#1"
                },
                "south": {
                    "uv": [
                        10,
                        1.5,
                        13,
                        1.75
                    ],
                    "texture": "#1"
                },
                "west": {
                    "uv": [
                        10,
                        2,
                        12.25,
                        2.25
                    ],
                    "texture": "#1"
                },
                "up": {
                    "uv": [
                        3,
                        8.75,
                        0,
                        6.5
                    ],
                    "texture": "#1"
                },
                "down": {
                    "uv": [
                        10,
                        0,
                        7,
                        2.25
                    ],
                    "texture": "#1"
                }
            }
        },
        {
            "from": [
                2,
                3,
                -4
            ],
            "to": [
                14,
                12,
                -2
            ],
            "rotation": {
                "angle": 0,
                "axis": "y",
                "origin": [
                    9,
                    6,
                    -3
                ]
            },
            "faces": {
                "north": {
                    "uv": [
                        7,
                        2.25,
                        10,
                        4.5
                    ],
                    "texture": "#1"
                },
                "east": {
                    "uv": [
                        9.5,
                        9,
                        10,
                        11.25
                    ],
                    "texture": "#1"
                },
                "south": {
                    "uv": [
                        3,
                        8.25,
                        6,
                        10.5
                    ],
                    "texture": "#1"
                },
                "west": {
                    "uv": [
                        0,
                        9.75,
                        0.5,
                        12
                    ],
                    "texture": "#1"
                },
                "up": {
                    "uv": [
                        3,
                        9.25,
                        0,
                        8.75
                    ],
                    "texture": "#1"
                },
                "down": {
                    "uv": [
                        3,
                        9.25,
                        0,
                        9.75
                    ],
                    "texture": "#1"
                }
            }
        },
        {
            "from": [
                1,
                1,
                8
            ],
            "to": [
                15,
                5,
                9
            ],
            "rotation": {
                "angle": 0,
                "axis": "y",
                "origin": [
                    14,
                    1,
                    9
                ]
            },
            "faces": {
                "north": {
                    "uv": [
                        8.5,
                        6,
                        12,
                        7
                    ],
                    "texture": "#1"
                },
                "east": {
                    "uv": [
                        6,
                        10,
                        6.25,
                        11
                    ],
                    "texture": "#1"
                },
                "south": {
                    "uv": [
                        8.5,
                        7,
                        12,
                        8
                    ],
                    "texture": "#1"
                },
                "west": {
                    "uv": [
                        6.25,
                        10,
                        6.5,
                        11
                    ],
                    "texture": "#1"
                },
                "up": {
                    "uv": [
                        9.5,
                        10,
                        6,
                        9.75
                    ],
                    "texture": "#1"
                },
                "down": {
                    "uv": [
                        13.5,
                        0,
                        10,
                        0.25
                    ],
                    "texture": "#1"
                }
            }
        },
        {
            "from": [
                13,
                5,
                8
            ],
            "to": [
                15,
                12,
                9
            ],
            "rotation": {
                "angle": 0,
                "axis": "y",
                "origin": [
                    15,
                    5,
                    9
                ]
            },
            "faces": {
                "north": {
                    "uv": [
                        3,
                        6.5,
                        3.5,
                        8.25
                    ],
                    "texture": "#1"
                },
                "east": {
                    "uv": [
                        2,
                        9.75,
                        2.25,
                        11.5
                    ],
                    "texture": "#1"
                },
                "south": {
                    "uv": [
                        0.5,
                        9.75,
                        1,
                        11.5
                    ],
                    "texture": "#1"
                },
                "west": {
                    "uv": [
                        2.25,
                        9.75,
                        2.5,
                        11.5
                    ],
                    "texture": "#1"
                },
                "up": {
                    "uv": [
                        9,
                        8.25,
                        8.5,
                        8
                    ],
                    "texture": "#1"
                },
                "down": {
                    "uv": [
                        9.5,
                        8,
                        9,
                        8.25
                    ],
                    "texture": "#1"
                }
            }
        },
        {
            "from": [
                1,
                5,
                8
            ],
            "to": [
                3,
                12,
                9
            ],
            "rotation": {
                "angle": 0,
                "axis": "y",
                "origin": [
                    3,
                    5,
                    9
                ]
            },
            "faces": {
                "north": {
                    "uv": [
                        1,
                        9.75,
                        1.5,
                        11.5
                    ],
                    "texture": "#1"
                },
                "east": {
                    "uv": [
                        2.5,
                        9.75,
                        2.75,
                        11.5
                    ],
                    "texture": "#1"
                },
                "south": {
                    "uv": [
                        1.5,
                        9.75,
                        2,
                        11.5
                    ],
                    "texture": "#1"
                },
                "west": {
                    "uv": [
                        2.75,
                        9.75,
                        3,
                        11.5
                    ],
                    "texture": "#1"
                },
                "up": {
                    "uv": [
                        10.5,
                        4,
                        10,
                        3.75
                    ],
                    "texture": "#1"
                },
                "down": {
                    "uv": [
                        10.5,
                        4,
                        10,
                        4.25
                    ],
                    "texture": "#1"
                }
            }
        },
        {
            "from": [
                1,
                12,
                8
            ],
            "to": [
                15,
                14,
                9
            ],
            "rotation": {
                "angle": 0,
                "axis": "y",
                "origin": [
                    3,
                    12,
                    9
                ]
            },
            "faces": {
                "north": {
                    "uv": [
                        9.5,
                        8,
                        13,
                        8.5
                    ],
                    "texture": "#1"
                },
                "east": {
                    "uv": [
                        6.5,
                        10,
                        6.75,
                        10.5
                    ],
                    "texture": "#1"
                },
                "south": {
                    "uv": [
                        9.5,
                        8.5,
                        13,
                        9
                    ],
                    "texture": "#1"
                },
                "west": {
                    "uv": [
                        6.75,
                        10,
                        7,
                        10.5
                    ],
                    "texture": "#1"
                },
                "up": {
                    "uv": [
                        13.5,
                        0.5,
                        10,
                        0.25
                    ],
                    "texture": "#1"
                },
                "down": {
                    "uv": [
                        13.5,
                        0.5,
                        10,
                        0.75
                    ],
                    "texture": "#1"
                }
            }
        },
        {
            "from": [
                12,
                10,
                9.2
            ],
            "to": [
                14,
                13,
                9.2
            ],
            "rotation": {
                "angle": 0,
                "axis": "x",
                "origin": [
                    12,
                    11,
                    9.2
                ]
            },
            "faces": {
                "north": {
                    "uv": [
                        10,
                        2.25,
                        10.5,
                        3
                    ],
                    "texture": "#1"
                },
                "east": {
                    "uv": [
                        0,
                        0,
                        0,
                        0.75
                    ],
                    "texture": "#1"
                },
                "south": {
                    "uv": [
                        10,
                        3,
                        10.5,
                        3.75
                    ],
                    "texture": "#1"
                },
                "west": {
                    "uv": [
                        0,
                        0,
                        0,
                        0.75
                    ],
                    "texture": "#1"
                },
                "up": {
                    "uv": [
                        0.5,
                        0,
                        0,
                        0
                    ],
                    "texture": "#1"
                },
                "down": {
                    "uv": [
                        0.5,
                        0,
                        0,
                        0
                    ],
                    "texture": "#1"
                }
            }
        },
        {
            "from": [
                3,
                5,
                7
            ],
            "to": [
                13,
                12,
                8
            ],
            "faces": {
                "north": {
                    "uv": [
                        0,
                        0,
                        2.75,
                        1.75
                    ],
                    "texture": "#missing"
                },
                "east": {
                    "uv": [
                        0,
                        0,
                        0,
                        1.75
                    ],
                    "texture": "#missing"
                },
                "south": {
                    "uv": [
                        0,
                        0,
                        16,
                        16
                    ],
                    "texture": "#2"
                },
                "west": {
                    "uv": [
                        0,
                        0,
                        0,
                        1.75
                    ],
                    "texture": "#missing"
                },
                "up": {
                    "uv": [
                        0,
                        0,
                        2.75,
                        0
                    ],
                    "texture": "#missing"
                },
                "down": {
                    "uv": [
                        0,
                        0,
                        2.75,
                        0
                    ],
                    "texture": "#missing"
                }
            }
        }
    ],
    "display": {
        "head": {
            "rotation": [
                0,
                180,
                0
            ],
            "translation": [
                0,
                0,
                -6.5
            ],
            "scale": [
                1.34,
                1.34,
                1.34
            ]
        }
    },
    "groups": [
        0,
        {
            "name": "PC",
            "origin": [
                13,
                12,
                2
            ],
            "color": 0,
            "children": [
                1,
                2,
                3,
                4,
                5,
                6,
                7,
                8,
                9
            ]
        }
    ]
}